Generating 500k pp 8160 GeV events with JEWEL 2.4.0-MOD (500 jobs x 1000, 5 parallel)
PTMIN=15, PTMAX=1200, WEXPO=1.5
Started: Thu Aug  6 03:10:40 AM EDT 2026
 Reading parameters from parameters/ZJet_pp8160v4_2.dat                                                                      
 ...done
 Reading parameters from parameters/ZJet_pp8160v4_3.dat                                                                      
 ...done
 Reading parameters from parameters/ZJet_pp8160v4_4.dat                                                                      
 ...done
 Reading parameters from parameters/ZJet_pp8160v4_5.dat                                                                      
 ...done
 Reading parameters from parameters/ZJet_pp8160v4_1.dat                                                                      
 ...done
  Completed 5 / 500 jobs (Thu Aug  6 03:10:43 AM EDT 2026)
 Reading parameters from parameters/ZJet_pp8160v4_6.dat                                                                      
 ...done
 Reading parameters from parameters/ZJet_pp8160v4_9.dat                                                                      
 ...done
 Reading parameters from parameters/ZJet_pp8160v4_7.dat                                                                      
 ...done
 Reading parameters from parameters/ZJet_pp8160v4_8.dat                                                                      
 ...done
 Reading parameters from parameters/ZJet_pp8160v4_10.dat                                                                     
 ...done
  Completed 10 / 500 jobs (Thu Aug  6 03:10:46 AM EDT 2026)
 Reading parameters from parameters/ZJet_pp8160v4_13.dat                                                                     
 ...done
 Reading parameters from parameters/ZJet_pp8160v4_15.dat                                                                     
 ...done
 Reading parameters from parameters/ZJet_pp8160v4_11.dat                                                                     
 ...done
 Reading parameters from parameters/ZJet_pp8160v4_12.dat                                                                     
 ...done
 Reading parameters from parameters/ZJet_pp8160v4_14.dat                                                                     
 ...done
  Completed 15 / 500 jobs (Thu Aug  6 03:10:49 AM EDT 2026)
 Reading parameters from parameters/ZJet_pp8160v4_16.dat                                                                     
 ...done
 Reading parameters from parameters/ZJet_pp8160v4_18.dat                                                                     
 ...done
 Reading parameters from parameters/ZJet_pp8160v4_17.dat                                                                     
 ...done
 Reading parameters from parameters/ZJet_pp8160v4_20.dat                                                                     
 ...done
 Reading parameters from parameters/ZJet_pp8160v4_19.dat                                                                     
 ...done
  Completed 20 / 500 jobs (Thu Aug  6 03:10:52 AM EDT 2026)
 Reading parameters from parameters/ZJet_pp8160v4_22.dat                                                                     
 ...done
 Reading parameters from parameters/ZJet_pp8160v4_24.dat                                                                     
 ...done
 Reading parameters from parameters/ZJet_pp8160v4_23.dat                                                                     
 ...done
 Reading parameters from parameters/ZJet_pp8160v4_21.dat                                                                     
 ...done
 Reading parameters from parameters/ZJet_pp8160v4_25.dat                                                                     
 ...done
  Completed 25 / 500 jobs (Thu Aug  6 03:10:55 AM EDT 2026)
 Reading parameters from parameters/ZJet_pp8160v4_27.dat                                                                     
 ...done
 Reading parameters from parameters/ZJet_pp8160v4_28.dat                                                                     
 ...done
 Reading parameters from parameters/ZJet_pp8160v4_29.dat                                                                     
 ...done
 Reading parameters from parameters/ZJet_pp8160v4_30.dat                                                                     
 ...done
 Reading parameters from parameters/ZJet_pp8160v4_26.dat                                                                     
 ...done
  Completed 30 / 500 jobs (Thu Aug  6 03:10:57 AM EDT 2026)
 Reading parameters from parameters/ZJet_pp8160v4_32.dat                                                                     
 ...done
 Reading parameters from parameters/ZJet_pp8160v4_34.dat                                                                     
 ...done
 Reading parameters from parameters/ZJet_pp8160v4_31.dat                                                                     
 ...done
 Reading parameters from parameters/ZJet_pp8160v4_35.dat                                                                     
 ...done
 Reading parameters from parameters/ZJet_pp8160v4_33.dat                                                                     
 ...done
  Completed 35 / 500 jobs (Thu Aug  6 03:11:00 AM EDT 2026)
 Reading parameters from parameters/ZJet_pp8160v4_37.dat                                                                     
 ...done
 Reading parameters from parameters/ZJet_pp8160v4_38.dat                                                                     
 ...done
 Reading parameters from parameters/ZJet_pp8160v4_39.dat                                                                     
 ...done
 Reading parameters from parameters/ZJet_pp8160v4_40.dat                                                                     
 ...done
 Reading parameters from parameters/ZJet_pp8160v4_36.dat                                                                     
 ...done
  Completed 40 / 500 jobs (Thu Aug  6 03:11:03 AM EDT 2026)
 Reading parameters from parameters/ZJet_pp8160v4_45.dat                                                                     
 ...done
 Reading parameters from parameters/ZJet_pp8160v4_42.dat                                                                     
 ...done
 Reading parameters from parameters/ZJet_pp8160v4_41.dat                                                                     
 ...done
 Reading parameters from parameters/ZJet_pp8160v4_43.dat                                                                     
 ...done
 Reading parameters from parameters/ZJet_pp8160v4_44.dat                                                                     
 ...done
  Completed 45 / 500 jobs (Thu Aug  6 03:11:06 AM EDT 2026)
 Reading parameters from parameters/ZJet_pp8160v4_48.dat                                                                     
 ...done
 Reading parameters from parameters/ZJet_pp8160v4_46.dat                                                                     
 ...done
 Reading parameters from parameters/ZJet_pp8160v4_49.dat                                                                     
 ...done
 Reading parameters from parameters/ZJet_pp8160v4_47.dat                                                                     
 ...done
 Reading parameters from parameters/ZJet_pp8160v4_50.dat                                                                     
 ...done
  Completed 50 / 500 jobs (Thu Aug  6 03:11:09 AM EDT 2026)
 Reading parameters from parameters/ZJet_pp8160v4_52.dat                                                                     
 ...done
 Reading parameters from parameters/ZJet_pp8160v4_55.dat                                                                     
 ...done
 Reading parameters from parameters/ZJet_pp8160v4_53.dat                                                                     
 ...done
 Reading parameters from parameters/ZJet_pp8160v4_51.dat                                                                     
 ...done
 Reading parameters from parameters/ZJet_pp8160v4_54.dat                                                                     
 ...done
  Completed 55 / 500 jobs (Thu Aug  6 03:11:12 AM EDT 2026)
 Reading parameters from parameters/ZJet_pp8160v4_56.dat                                                                     
 ...done
 Reading parameters from parameters/ZJet_pp8160v4_59.dat                                                                     
 ...done
 Reading parameters from parameters/ZJet_pp8160v4_57.dat                                                                     
 ...done
 Reading parameters from parameters/ZJet_pp8160v4_58.dat                                                                     
 ...done
 Reading parameters from parameters/ZJet_pp8160v4_60.dat                                                                     
 ...done
  Completed 60 / 500 jobs (Thu Aug  6 03:11:14 AM EDT 2026)
 Reading parameters from parameters/ZJet_pp8160v4_62.dat                                                                     
 ...done
 Reading parameters from parameters/ZJet_pp8160v4_63.dat                                                                     
 ...done
 Reading parameters from parameters/ZJet_pp8160v4_64.dat                                                                     
 ...done
 Reading parameters from parameters/ZJet_pp8160v4_65.dat                                                                     
 ...done
 Reading parameters from parameters/ZJet_pp8160v4_61.dat                                                                     
 ...done
  Completed 65 / 500 jobs (Thu Aug  6 03:11:17 AM EDT 2026)
 Reading parameters from parameters/ZJet_pp8160v4_68.dat                                                                     
 ...done
 Reading parameters from parameters/ZJet_pp8160v4_66.dat                                                                     
 ...done
 Reading parameters from parameters/ZJet_pp8160v4_69.dat                                                                     
 ...done
 Reading parameters from parameters/ZJet_pp8160v4_70.dat                                                                     
 ...done
 Reading parameters from parameters/ZJet_pp8160v4_67.dat                                                                     
 ...done
  Completed 70 / 500 jobs (Thu Aug  6 03:11:20 AM EDT 2026)
 Reading parameters from parameters/ZJet_pp8160v4_73.dat                                                                     
 ...done
 Reading parameters from parameters/ZJet_pp8160v4_75.dat                                                                     
 ...done
 Reading parameters from parameters/ZJet_pp8160v4_72.dat                                                                     
 ...done
 Reading parameters from parameters/ZJet_pp8160v4_71.dat                                                                     
 ...done
 Reading parameters from parameters/ZJet_pp8160v4_74.dat                                                                     
 ...done
  Completed 75 / 500 jobs (Thu Aug  6 03:11:23 AM EDT 2026)
 Reading parameters from parameters/ZJet_pp8160v4_77.dat                                                                     
 ...done
 Reading parameters from parameters/ZJet_pp8160v4_79.dat                                                                     
 ...done
 Reading parameters from parameters/ZJet_pp8160v4_80.dat                                                                     
 ...done
 Reading parameters from parameters/ZJet_pp8160v4_76.dat                                                                     
 ...done
 Reading parameters from parameters/ZJet_pp8160v4_78.dat                                                                     
 ...done
  Completed 80 / 500 jobs (Thu Aug  6 03:11:26 AM EDT 2026)
 Reading parameters from parameters/ZJet_pp8160v4_83.dat                                                                     
 ...done
 Reading parameters from parameters/ZJet_pp8160v4_82.dat                                                                     
 ...done
 Reading parameters from parameters/ZJet_pp8160v4_85.dat                                                                     
 ...done
 Reading parameters from parameters/ZJet_pp8160v4_84.dat                                                                     
 ...done
 Reading parameters from parameters/ZJet_pp8160v4_81.dat                                                                     
 ...done
  Completed 85 / 500 jobs (Thu Aug  6 03:11:29 AM EDT 2026)
 Reading parameters from parameters/ZJet_pp8160v4_87.dat                                                                     
 ...done
 Reading parameters from parameters/ZJet_pp8160v4_88.dat                                                                     
 ...done
 Reading parameters from parameters/ZJet_pp8160v4_86.dat                                                                     
 ...done
 Reading parameters from parameters/ZJet_pp8160v4_89.dat                                                                     
 ...done
 Reading parameters from parameters/ZJet_pp8160v4_90.dat                                                                     
 ...done
  Completed 90 / 500 jobs (Thu Aug  6 03:11:31 AM EDT 2026)
 Reading parameters from parameters/ZJet_pp8160v4_92.dat                                                                     
 ...done
 Reading parameters from parameters/ZJet_pp8160v4_91.dat                                                                     
 ...done
 Reading parameters from parameters/ZJet_pp8160v4_95.dat                                                                     
 ...done
 Reading parameters from parameters/ZJet_pp8160v4_93.dat                                                                     
 ...done
 Reading parameters from parameters/ZJet_pp8160v4_94.dat                                                                     
 ...done
  Completed 95 / 500 jobs (Thu Aug  6 03:11:34 AM EDT 2026)
 Reading parameters from parameters/ZJet_pp8160v4_97.dat                                                                     
 ...done
 Reading parameters from parameters/ZJet_pp8160v4_96.dat                                                                     
 ...done
 Reading parameters from parameters/ZJet_pp8160v4_99.dat                                                                     
 ...done
 Reading parameters from parameters/ZJet_pp8160v4_98.dat                                                                     
 ...done
 Reading parameters from parameters/ZJet_pp8160v4_100.dat                                                                    
 ...done
  Completed 100 / 500 jobs (Thu Aug  6 03:11:37 AM EDT 2026)
 Reading parameters from parameters/ZJet_pp8160v4_102.dat                                                                    
 ...done
 Reading parameters from parameters/ZJet_pp8160v4_103.dat                                                                    
 ...done
 Reading parameters from parameters/ZJet_pp8160v4_101.dat                                                                    
 ...done
 Reading parameters from parameters/ZJet_pp8160v4_104.dat                                                                    
 ...done
 Reading parameters from parameters/ZJet_pp8160v4_105.dat                                                                    
 ...done
  Completed 105 / 500 jobs (Thu Aug  6 03:11:40 AM EDT 2026)
 Reading parameters from parameters/ZJet_pp8160v4_108.dat                                                                    
 ...done
 Reading parameters from parameters/ZJet_pp8160v4_106.dat                                                                    
 ...done
 Reading parameters from parameters/ZJet_pp8160v4_110.dat                                                                    
 ...done
 Reading parameters from parameters/ZJet_pp8160v4_109.dat                                                                    
 ...done
 Reading parameters from parameters/ZJet_pp8160v4_107.dat                                                                    
 ...done
  Completed 110 / 500 jobs (Thu Aug  6 03:11:43 AM EDT 2026)
 Reading parameters from parameters/ZJet_pp8160v4_113.dat                                                                    
 ...done
 Reading parameters from parameters/ZJet_pp8160v4_114.dat                                                                    
 ...done
 Reading parameters from parameters/ZJet_pp8160v4_115.dat                                                                    
 ...done
 Reading parameters from parameters/ZJet_pp8160v4_112.dat                                                                    
 ...done
 Reading parameters from parameters/ZJet_pp8160v4_111.dat                                                                    
 ...done
  Completed 115 / 500 jobs (Thu Aug  6 03:11:46 AM EDT 2026)
 Reading parameters from parameters/ZJet_pp8160v4_118.dat                                                                    
 ...done
 Reading parameters from parameters/ZJet_pp8160v4_117.dat                                                                    
 ...done
 Reading parameters from parameters/ZJet_pp8160v4_116.dat                                                                    
 ...done
 Reading parameters from parameters/ZJet_pp8160v4_119.dat                                                                    
 ...done
 Reading parameters from parameters/ZJet_pp8160v4_120.dat                                                                    
 ...done
  Completed 120 / 500 jobs (Thu Aug  6 03:11:49 AM EDT 2026)
 Reading parameters from parameters/ZJet_pp8160v4_121.dat                                                                    
 ...done
 Reading parameters from parameters/ZJet_pp8160v4_125.dat                                                                    
 ...done
 Reading parameters from parameters/ZJet_pp8160v4_123.dat                                                                    
 ...done
 Reading parameters from parameters/ZJet_pp8160v4_122.dat                                                                    
 ...done
 Reading parameters from parameters/ZJet_pp8160v4_124.dat                                                                    
 ...done
  Completed 125 / 500 jobs (Thu Aug  6 03:11:51 AM EDT 2026)
 Reading parameters from parameters/ZJet_pp8160v4_129.dat                                                                    
 ...done
 Reading parameters from parameters/ZJet_pp8160v4_128.dat                                                                    
 ...done
 Reading parameters from parameters/ZJet_pp8160v4_130.dat                                                                    
 ...done
 Reading parameters from parameters/ZJet_pp8160v4_126.dat                                                                    
 ...done
 Reading parameters from parameters/ZJet_pp8160v4_127.dat                                                                    
 ...done
  Completed 130 / 500 jobs (Thu Aug  6 03:11:54 AM EDT 2026)
 Reading parameters from parameters/ZJet_pp8160v4_131.dat                                                                    
 ...done
 Reading parameters from parameters/ZJet_pp8160v4_134.dat                                                                    
 ...done
 Reading parameters from parameters/ZJet_pp8160v4_132.dat                                                                    
 ...done
 Reading parameters from parameters/ZJet_pp8160v4_133.dat                                                                    
 ...done
 Reading parameters from parameters/ZJet_pp8160v4_135.dat                                                                    
 ...done
  Completed 135 / 500 jobs (Thu Aug  6 03:11:57 AM EDT 2026)
 Reading parameters from parameters/ZJet_pp8160v4_138.dat                                                                    
 ...done
 Reading parameters from parameters/ZJet_pp8160v4_137.dat                                                                    
 ...done
 Reading parameters from parameters/ZJet_pp8160v4_140.dat                                                                    
 ...done
 Reading parameters from parameters/ZJet_pp8160v4_139.dat                                                                    
 ...done
 Reading parameters from parameters/ZJet_pp8160v4_136.dat                                                                    
 ...done
  Completed 140 / 500 jobs (Thu Aug  6 03:12:00 AM EDT 2026)
 Reading parameters from parameters/ZJet_pp8160v4_143.dat                                                                    
 ...done
 Reading parameters from parameters/ZJet_pp8160v4_144.dat                                                                    
 ...done
 Reading parameters from parameters/ZJet_pp8160v4_145.dat                                                                    
 ...done
 Reading parameters from parameters/ZJet_pp8160v4_142.dat                                                                    
 ...done
 Reading parameters from parameters/ZJet_pp8160v4_141.dat                                                                    
 ...done
  Completed 145 / 500 jobs (Thu Aug  6 03:12:03 AM EDT 2026)
 Reading parameters from parameters/ZJet_pp8160v4_146.dat                                                                    
 ...done
 Reading parameters from parameters/ZJet_pp8160v4_148.dat                                                                    
 ...done
 Reading parameters from parameters/ZJet_pp8160v4_147.dat                                                                    
 ...done
 Reading parameters from parameters/ZJet_pp8160v4_150.dat                                                                    
 ...done
 Reading parameters from parameters/ZJet_pp8160v4_149.dat                                                                    
 ...done
  Completed 150 / 500 jobs (Thu Aug  6 03:12:06 AM EDT 2026)
 Reading parameters from parameters/ZJet_pp8160v4_151.dat                                                                    
 ...done
 Reading parameters from parameters/ZJet_pp8160v4_153.dat                                                                    
 ...done
 Reading parameters from parameters/ZJet_pp8160v4_155.dat                                                                    
 ...done
 Reading parameters from parameters/ZJet_pp8160v4_152.dat                                                                    
 ...done
 Reading parameters from parameters/ZJet_pp8160v4_154.dat                                                                    
 ...done
  Completed 155 / 500 jobs (Thu Aug  6 03:12:09 AM EDT 2026)
 Reading parameters from parameters/ZJet_pp8160v4_160.dat                                                                    
 ...done
 Reading parameters from parameters/ZJet_pp8160v4_158.dat                                                                    
 ...done
 Reading parameters from parameters/ZJet_pp8160v4_157.dat                                                                    
 ...done
 Reading parameters from parameters/ZJet_pp8160v4_159.dat                                                                    
 ...done
 Reading parameters from parameters/ZJet_pp8160v4_156.dat                                                                    
 ...done
  Completed 160 / 500 jobs (Thu Aug  6 03:12:11 AM EDT 2026)
 Reading parameters from parameters/ZJet_pp8160v4_163.dat                                                                    
 ...done
 Reading parameters from parameters/ZJet_pp8160v4_165.dat                                                                    
 ...done
 Reading parameters from parameters/ZJet_pp8160v4_164.dat                                                                    
 ...done
 Reading parameters from parameters/ZJet_pp8160v4_162.dat                                                                    
 ...done
 Reading parameters from parameters/ZJet_pp8160v4_161.dat                                                                    
 ...done
  Completed 165 / 500 jobs (Thu Aug  6 03:12:14 AM EDT 2026)
 Reading parameters from parameters/ZJet_pp8160v4_170.dat                                                                    
 ...done
 Reading parameters from parameters/ZJet_pp8160v4_167.dat                                                                    
 ...done
 Reading parameters from parameters/ZJet_pp8160v4_168.dat                                                                    
 ...done
 Reading parameters from parameters/ZJet_pp8160v4_166.dat                                                                    
 ...done
 Reading parameters from parameters/ZJet_pp8160v4_169.dat                                                                    
 ...done
  Completed 170 / 500 jobs (Thu Aug  6 03:12:17 AM EDT 2026)
 Reading parameters from parameters/ZJet_pp8160v4_172.dat                                                                    
 ...done
 Reading parameters from parameters/ZJet_pp8160v4_174.dat                                                                    
 ...done
 Reading parameters from parameters/ZJet_pp8160v4_173.dat                                                                    
 ...done
 Reading parameters from parameters/ZJet_pp8160v4_175.dat                                                                    
 ...done
 Reading parameters from parameters/ZJet_pp8160v4_171.dat                                                                    
 ...done
  Completed 175 / 500 jobs (Thu Aug  6 03:12:20 AM EDT 2026)
 Reading parameters from parameters/ZJet_pp8160v4_180.dat                                                                    
 ...done
 Reading parameters from parameters/ZJet_pp8160v4_177.dat                                                                    
 ...done
 Reading parameters from parameters/ZJet_pp8160v4_178.dat                                                                    
 ...done
 Reading parameters from parameters/ZJet_pp8160v4_176.dat                                                                    
 ...done
 Reading parameters from parameters/ZJet_pp8160v4_179.dat                                                                    
 ...done
  Completed 180 / 500 jobs (Thu Aug  6 03:12:23 AM EDT 2026)
 Reading parameters from parameters/ZJet_pp8160v4_182.dat                                                                    
 ...done
 Reading parameters from parameters/ZJet_pp8160v4_184.dat                                                                    
 ...done
 Reading parameters from parameters/ZJet_pp8160v4_183.dat                                                                    
 ...done
 Reading parameters from parameters/ZJet_pp8160v4_185.dat                                                                    
 ...done
 Reading parameters from parameters/ZJet_pp8160v4_181.dat                                                                    
 ...done
  Completed 185 / 500 jobs (Thu Aug  6 03:12:26 AM EDT 2026)
 Reading parameters from parameters/ZJet_pp8160v4_187.dat                                                                    
 ...done
 Reading parameters from parameters/ZJet_pp8160v4_190.dat                                                                    
 ...done
 Reading parameters from parameters/ZJet_pp8160v4_186.dat                                                                    
 ...done
 Reading parameters from parameters/ZJet_pp8160v4_189.dat                                                                    
 ...done
 Reading parameters from parameters/ZJet_pp8160v4_188.dat                                                                    
 ...done
  Completed 190 / 500 jobs (Thu Aug  6 03:12:28 AM EDT 2026)
 Reading parameters from parameters/ZJet_pp8160v4_191.dat                                                                    
 ...done
 Reading parameters from parameters/ZJet_pp8160v4_193.dat                                                                    
 ...done
 Reading parameters from parameters/ZJet_pp8160v4_195.dat                                                                    
 ...done
 Reading parameters from parameters/ZJet_pp8160v4_194.dat                                                                    
 ...done
 Reading parameters from parameters/ZJet_pp8160v4_192.dat                                                                    
 ...done
  Completed 195 / 500 jobs (Thu Aug  6 03:12:31 AM EDT 2026)
 Reading parameters from parameters/ZJet_pp8160v4_196.dat                                                                    
 ...done
 Reading parameters from parameters/ZJet_pp8160v4_197.dat                                                                    
 ...done
 Reading parameters from parameters/ZJet_pp8160v4_198.dat                                                                    
 ...done
 Reading parameters from parameters/ZJet_pp8160v4_200.dat                                                                    
 ...done
 Reading parameters from parameters/ZJet_pp8160v4_199.dat                                                                    
 ...done
  Completed 200 / 500 jobs (Thu Aug  6 03:12:34 AM EDT 2026)
 Reading parameters from parameters/ZJet_pp8160v4_202.dat                                                                    
 ...done
 Reading parameters from parameters/ZJet_pp8160v4_205.dat                                                                    
 ...done
 Reading parameters from parameters/ZJet_pp8160v4_203.dat                                                                    
 ...done
 Reading parameters from parameters/ZJet_pp8160v4_204.dat                                                                    
 ...done
 Reading parameters from parameters/ZJet_pp8160v4_201.dat                                                                    
 ...done
  Completed 205 / 500 jobs (Thu Aug  6 03:12:37 AM EDT 2026)
 Reading parameters from parameters/ZJet_pp8160v4_210.dat                                                                    
 ...done
 Reading parameters from parameters/ZJet_pp8160v4_207.dat                                                                    
 ...done
 Reading parameters from parameters/ZJet_pp8160v4_208.dat                                                                    
 ...done
 Reading parameters from parameters/ZJet_pp8160v4_206.dat                                                                    
 ...done
 Reading parameters from parameters/ZJet_pp8160v4_209.dat                                                                    
 ...done
  Completed 210 / 500 jobs (Thu Aug  6 03:12:40 AM EDT 2026)
 Reading parameters from parameters/ZJet_pp8160v4_214.dat                                                                    
 ...done
 Reading parameters from parameters/ZJet_pp8160v4_213.dat                                                                    
 ...done
 Reading parameters from parameters/ZJet_pp8160v4_212.dat                                                                    
 ...done
 Reading parameters from parameters/ZJet_pp8160v4_211.dat                                                                    
 ...done
 Reading parameters from parameters/ZJet_pp8160v4_215.dat                                                                    
 ...done
  Completed 215 / 500 jobs (Thu Aug  6 03:12:43 AM EDT 2026)
 Reading parameters from parameters/ZJet_pp8160v4_216.dat                                                                    
 ...done
 Reading parameters from parameters/ZJet_pp8160v4_217.dat                                                                    
 ...done
 Reading parameters from parameters/ZJet_pp8160v4_218.dat                                                                    
 ...done
 Reading parameters from parameters/ZJet_pp8160v4_219.dat                                                                    
 ...done
 Reading parameters from parameters/ZJet_pp8160v4_220.dat                                                                    
 ...done
  Completed 220 / 500 jobs (Thu Aug  6 03:12:45 AM EDT 2026)
 Reading parameters from parameters/ZJet_pp8160v4_221.dat                                                                    
 ...done
 Reading parameters from parameters/ZJet_pp8160v4_225.dat                                                                    
 ...done
 Reading parameters from parameters/ZJet_pp8160v4_223.dat                                                                    
 ...done
 Reading parameters from parameters/ZJet_pp8160v4_222.dat                                                                    
 ...done
 Reading parameters from parameters/ZJet_pp8160v4_224.dat                                                                    
 ...done
  Completed 225 / 500 jobs (Thu Aug  6 03:12:48 AM EDT 2026)
 Reading parameters from parameters/ZJet_pp8160v4_227.dat                                                                    
 ...done
 Reading parameters from parameters/ZJet_pp8160v4_229.dat                                                                    
 ...done
 Reading parameters from parameters/ZJet_pp8160v4_226.dat                                                                    
 ...done
 Reading parameters from parameters/ZJet_pp8160v4_228.dat                                                                    
 ...done
 Reading parameters from parameters/ZJet_pp8160v4_230.dat                                                                    
 ...done
  Completed 230 / 500 jobs (Thu Aug  6 03:12:51 AM EDT 2026)
 Reading parameters from parameters/ZJet_pp8160v4_233.dat                                                                    
 ...done
 Reading parameters from parameters/ZJet_pp8160v4_234.dat                                                                    
 ...done
 Reading parameters from parameters/ZJet_pp8160v4_235.dat                                                                    
 ...done
 Reading parameters from parameters/ZJet_pp8160v4_231.dat                                                                    
 ...done
 Reading parameters from parameters/ZJet_pp8160v4_232.dat                                                                    
 ...done
  Completed 235 / 500 jobs (Thu Aug  6 03:12:54 AM EDT 2026)
 Reading parameters from parameters/ZJet_pp8160v4_237.dat                                                                    
 ...done
 Reading parameters from parameters/ZJet_pp8160v4_238.dat                                                                    
 ...done
 Reading parameters from parameters/ZJet_pp8160v4_236.dat                                                                    
 ...done
 Reading parameters from parameters/ZJet_pp8160v4_239.dat                                                                    
 ...done
 Reading parameters from parameters/ZJet_pp8160v4_240.dat                                                                    
 ...done
  Completed 240 / 500 jobs (Thu Aug  6 03:12:57 AM EDT 2026)
 Reading parameters from parameters/ZJet_pp8160v4_245.dat                                                                    
 ...done
 Reading parameters from parameters/ZJet_pp8160v4_244.dat                                                                    
 ...done
 Reading parameters from parameters/ZJet_pp8160v4_242.dat                                                                    
 ...done
 Reading parameters from parameters/ZJet_pp8160v4_241.dat                                                                    
 ...done
 Reading parameters from parameters/ZJet_pp8160v4_243.dat                                                                    
 ...done
  Completed 245 / 500 jobs (Thu Aug  6 03:13:00 AM EDT 2026)
 Reading parameters from parameters/ZJet_pp8160v4_247.dat                                                                    
 ...done
 Reading parameters from parameters/ZJet_pp8160v4_249.dat                                                                    
 ...done
 Reading parameters from parameters/ZJet_pp8160v4_250.dat                                                                    
 ...done
 Reading parameters from parameters/ZJet_pp8160v4_248.dat                                                                    
 ...done
 Reading parameters from parameters/ZJet_pp8160v4_246.dat                                                                    
 ...done
  Completed 250 / 500 jobs (Thu Aug  6 03:13:03 AM EDT 2026)
 Reading parameters from parameters/ZJet_pp8160v4_253.dat                                                                    
 ...done
 Reading parameters from parameters/ZJet_pp8160v4_254.dat                                                                    
 ...done
 Reading parameters from parameters/ZJet_pp8160v4_255.dat                                                                    
 ...done
 Reading parameters from parameters/ZJet_pp8160v4_252.dat                                                                    
 ...done
 Reading parameters from parameters/ZJet_pp8160v4_251.dat                                                                    
 ...done
  Completed 255 / 500 jobs (Thu Aug  6 03:13:05 AM EDT 2026)
 Reading parameters from parameters/ZJet_pp8160v4_259.dat                                                                    
 ...done
 Reading parameters from parameters/ZJet_pp8160v4_257.dat                                                                    
 ...done
 Reading parameters from parameters/ZJet_pp8160v4_256.dat                                                                    
 ...done
 Reading parameters from parameters/ZJet_pp8160v4_258.dat                                                                    
 ...done
 Reading parameters from parameters/ZJet_pp8160v4_260.dat                                                                    
 ...done
  Completed 260 / 500 jobs (Thu Aug  6 03:13:08 AM EDT 2026)
 Reading parameters from parameters/ZJet_pp8160v4_262.dat                                                                    
 ...done
 Reading parameters from parameters/ZJet_pp8160v4_265.dat                                                                    
 ...done
 Reading parameters from parameters/ZJet_pp8160v4_263.dat                                                                    
 ...done
 Reading parameters from parameters/ZJet_pp8160v4_261.dat                                                                    
 ...done
 Reading parameters from parameters/ZJet_pp8160v4_264.dat                                                                    
 ...done
  Completed 265 / 500 jobs (Thu Aug  6 03:13:11 AM EDT 2026)
 Reading parameters from parameters/ZJet_pp8160v4_266.dat                                                                    
 ...done
 Reading parameters from parameters/ZJet_pp8160v4_270.dat                                                                    
 ...done
 Reading parameters from parameters/ZJet_pp8160v4_268.dat                                                                    
 ...done
 Reading parameters from parameters/ZJet_pp8160v4_267.dat                                                                    
 ...done
 Reading parameters from parameters/ZJet_pp8160v4_269.dat                                                                    
 ...done
  Completed 270 / 500 jobs (Thu Aug  6 03:13:14 AM EDT 2026)
 Reading parameters from parameters/ZJet_pp8160v4_271.dat                                                                    
 ...done
 Reading parameters from parameters/ZJet_pp8160v4_275.dat                                                                    
 ...done
 Reading parameters from parameters/ZJet_pp8160v4_273.dat                                                                    
 ...done
 Reading parameters from parameters/ZJet_pp8160v4_272.dat                                                                    
 ...done
 Reading parameters from parameters/ZJet_pp8160v4_274.dat                                                                    
 ...done
  Completed 275 / 500 jobs (Thu Aug  6 03:13:17 AM EDT 2026)
 Reading parameters from parameters/ZJet_pp8160v4_277.dat                                                                    
 ...done
 Reading parameters from parameters/ZJet_pp8160v4_276.dat                                                                    
 ...done
 Reading parameters from parameters/ZJet_pp8160v4_279.dat                                                                    
 ...done
 Reading parameters from parameters/ZJet_pp8160v4_280.dat                                                                    
 ...done
 Reading parameters from parameters/ZJet_pp8160v4_278.dat                                                                    
 ...done
  Completed 280 / 500 jobs (Thu Aug  6 03:13:20 AM EDT 2026)
 Reading parameters from parameters/ZJet_pp8160v4_282.dat                                                                    
 ...done
 Reading parameters from parameters/ZJet_pp8160v4_281.dat                                                                    
 ...done
 Reading parameters from parameters/ZJet_pp8160v4_283.dat                                                                    
 ...done
 Reading parameters from parameters/ZJet_pp8160v4_284.dat                                                                    
 ...done
 Reading parameters from parameters/ZJet_pp8160v4_285.dat                                                                    
 ...done
  Completed 285 / 500 jobs (Thu Aug  6 03:13:22 AM EDT 2026)
 Reading parameters from parameters/ZJet_pp8160v4_289.dat                                                                    
 ...done
 Reading parameters from parameters/ZJet_pp8160v4_286.dat                                                                    
 ...done
 Reading parameters from parameters/ZJet_pp8160v4_287.dat                                                                    
 ...done
 Reading parameters from parameters/ZJet_pp8160v4_290.dat                                                                    
 ...done
 Reading parameters from parameters/ZJet_pp8160v4_288.dat                                                                    
 ...done
  Completed 290 / 500 jobs (Thu Aug  6 03:13:25 AM EDT 2026)
 Reading parameters from parameters/ZJet_pp8160v4_291.dat                                                                    
 ...done
 Reading parameters from parameters/ZJet_pp8160v4_293.dat                                                                    
 ...done
 Reading parameters from parameters/ZJet_pp8160v4_292.dat                                                                    
 ...done
 Reading parameters from parameters/ZJet_pp8160v4_295.dat                                                                    
 ...done
 Reading parameters from parameters/ZJet_pp8160v4_294.dat                                                                    
 ...done
  Completed 295 / 500 jobs (Thu Aug  6 03:13:28 AM EDT 2026)
 Reading parameters from parameters/ZJet_pp8160v4_298.dat                                                                    
 ...done
 Reading parameters from parameters/ZJet_pp8160v4_296.dat                                                                    
 ...done
 Reading parameters from parameters/ZJet_pp8160v4_299.dat                                                                    
 ...done
 Reading parameters from parameters/ZJet_pp8160v4_297.dat                                                                    
 ...done
 Reading parameters from parameters/ZJet_pp8160v4_300.dat                                                                    
 ...done
  Completed 300 / 500 jobs (Thu Aug  6 03:13:31 AM EDT 2026)
 Reading parameters from parameters/ZJet_pp8160v4_302.dat                                                                    
 ...done
 Reading parameters from parameters/ZJet_pp8160v4_301.dat                                                                    
 ...done
 Reading parameters from parameters/ZJet_pp8160v4_304.dat                                                                    
 ...done
 Reading parameters from parameters/ZJet_pp8160v4_303.dat                                                                    
 ...done
 Reading parameters from parameters/ZJet_pp8160v4_305.dat                                                                    
 ...done
  Completed 305 / 500 jobs (Thu Aug  6 03:13:34 AM EDT 2026)
 Reading parameters from parameters/ZJet_pp8160v4_308.dat                                                                    
 ...done
 Reading parameters from parameters/ZJet_pp8160v4_306.dat                                                                    
 ...done
 Reading parameters from parameters/ZJet_pp8160v4_309.dat                                                                    
 ...done
 Reading parameters from parameters/ZJet_pp8160v4_310.dat                                                                    
 ...done
 Reading parameters from parameters/ZJet_pp8160v4_307.dat                                                                    
 ...done
  Completed 310 / 500 jobs (Thu Aug  6 03:13:37 AM EDT 2026)
 Reading parameters from parameters/ZJet_pp8160v4_313.dat                                                                    
 ...done
 Reading parameters from parameters/ZJet_pp8160v4_311.dat                                                                    
 ...done
 Reading parameters from parameters/ZJet_pp8160v4_312.dat                                                                    
 ...done
 Reading parameters from parameters/ZJet_pp8160v4_315.dat                                                                    
 ...done
 Reading parameters from parameters/ZJet_pp8160v4_314.dat                                                                    
 ...done
  Completed 315 / 500 jobs (Thu Aug  6 03:13:40 AM EDT 2026)
 Reading parameters from parameters/ZJet_pp8160v4_316.dat                                                                    
 ...done
 Reading parameters from parameters/ZJet_pp8160v4_318.dat                                                                    
 ...done
 Reading parameters from parameters/ZJet_pp8160v4_319.dat                                                                    
 ...done
 Reading parameters from parameters/ZJet_pp8160v4_320.dat                                                                    
 ...done
 Reading parameters from parameters/ZJet_pp8160v4_317.dat                                                                    
 ...done
  Completed 320 / 500 jobs (Thu Aug  6 03:13:42 AM EDT 2026)
 Reading parameters from parameters/ZJet_pp8160v4_321.dat                                                                    
 ...done
 Reading parameters from parameters/ZJet_pp8160v4_322.dat                                                                    
 ...done
 Reading parameters from parameters/ZJet_pp8160v4_324.dat                                                                    
 ...done
 Reading parameters from parameters/ZJet_pp8160v4_323.dat                                                                    
 ...done
 Reading parameters from parameters/ZJet_pp8160v4_325.dat                                                                    
 ...done
  Completed 325 / 500 jobs (Thu Aug  6 03:13:45 AM EDT 2026)
 Reading parameters from parameters/ZJet_pp8160v4_327.dat                                                                    
 ...done
 Reading parameters from parameters/ZJet_pp8160v4_329.dat                                                                    
 ...done
 Reading parameters from parameters/ZJet_pp8160v4_326.dat                                                                    
 ...done
 Reading parameters from parameters/ZJet_pp8160v4_330.dat                                                                    
 ...done
 Reading parameters from parameters/ZJet_pp8160v4_328.dat                                                                    
 ...done
  Completed 330 / 500 jobs (Thu Aug  6 03:13:48 AM EDT 2026)
 Reading parameters from parameters/ZJet_pp8160v4_333.dat                                                                    
 ...done
 Reading parameters from parameters/ZJet_pp8160v4_335.dat                                                                    
 ...done
 Reading parameters from parameters/ZJet_pp8160v4_334.dat                                                                    
 ...done
 Reading parameters from parameters/ZJet_pp8160v4_332.dat                                                                    
 ...done
 Reading parameters from parameters/ZJet_pp8160v4_331.dat                                                                    
 ...done
  Completed 335 / 500 jobs (Thu Aug  6 03:13:51 AM EDT 2026)
 Reading parameters from parameters/ZJet_pp8160v4_336.dat                                                                    
 ...done
 Reading parameters from parameters/ZJet_pp8160v4_338.dat                                                                    
 ...done
 Reading parameters from parameters/ZJet_pp8160v4_339.dat                                                                    
 ...done
 Reading parameters from parameters/ZJet_pp8160v4_340.dat                                                                    
 ...done
 Reading parameters from parameters/ZJet_pp8160v4_337.dat                                                                    
 ...done
  Completed 340 / 500 jobs (Thu Aug  6 03:13:54 AM EDT 2026)
 Reading parameters from parameters/ZJet_pp8160v4_341.dat                                                                    
 ...done
 Reading parameters from parameters/ZJet_pp8160v4_343.dat                                                                    
 ...done
 Reading parameters from parameters/ZJet_pp8160v4_345.dat                                                                    
 ...done
 Reading parameters from parameters/ZJet_pp8160v4_342.dat                                                                    
 ...done
 Reading parameters from parameters/ZJet_pp8160v4_344.dat                                                                    
 ...done
  Completed 345 / 500 jobs (Thu Aug  6 03:13:57 AM EDT 2026)
 Reading parameters from parameters/ZJet_pp8160v4_350.dat                                                                    
 ...done
 Reading parameters from parameters/ZJet_pp8160v4_348.dat                                                                    
 ...done
 Reading parameters from parameters/ZJet_pp8160v4_347.dat                                                                    
 ...done
 Reading parameters from parameters/ZJet_pp8160v4_346.dat                                                                    
 ...done
 Reading parameters from parameters/ZJet_pp8160v4_349.dat                                                                    
 ...done
  Completed 350 / 500 jobs (Thu Aug  6 03:14:00 AM EDT 2026)
 Reading parameters from parameters/ZJet_pp8160v4_351.dat                                                                    
 ...done
 Reading parameters from parameters/ZJet_pp8160v4_352.dat                                                                    
 ...done
 Reading parameters from parameters/ZJet_pp8160v4_354.dat                                                                    
 ...done
 Reading parameters from parameters/ZJet_pp8160v4_355.dat                                                                    
 ...done
 Reading parameters from parameters/ZJet_pp8160v4_353.dat                                                                    
 ...done
  Completed 355 / 500 jobs (Thu Aug  6 03:14:03 AM EDT 2026)
 Reading parameters from parameters/ZJet_pp8160v4_357.dat                                                                    
 ...done
 Reading parameters from parameters/ZJet_pp8160v4_358.dat                                                                    
 ...done
 Reading parameters from parameters/ZJet_pp8160v4_356.dat                                                                    
 ...done
 Reading parameters from parameters/ZJet_pp8160v4_360.dat                                                                    
 ...done
 Reading parameters from parameters/ZJet_pp8160v4_359.dat                                                                    
 ...done
  Completed 360 / 500 jobs (Thu Aug  6 03:14:05 AM EDT 2026)
 Reading parameters from parameters/ZJet_pp8160v4_362.dat                                                                    
 ...done
 Reading parameters from parameters/ZJet_pp8160v4_361.dat                                                                    
 ...done
 Reading parameters from parameters/ZJet_pp8160v4_363.dat                                                                    
 ...done
 Reading parameters from parameters/ZJet_pp8160v4_364.dat                                                                    
 ...done
 Reading parameters from parameters/ZJet_pp8160v4_365.dat                                                                    
 ...done
  Completed 365 / 500 jobs (Thu Aug  6 03:14:08 AM EDT 2026)
 Reading parameters from parameters/ZJet_pp8160v4_366.dat                                                                    
 ...done
 Reading parameters from parameters/ZJet_pp8160v4_369.dat                                                                    
 ...done
 Reading parameters from parameters/ZJet_pp8160v4_368.dat                                                                    
 ...done
 Reading parameters from parameters/ZJet_pp8160v4_370.dat                                                                    
 ...done
 Reading parameters from parameters/ZJet_pp8160v4_367.dat                                                                    
 ...done
  Completed 370 / 500 jobs (Thu Aug  6 03:14:11 AM EDT 2026)
 Reading parameters from parameters/ZJet_pp8160v4_371.dat                                                                    
 ...done
 Reading parameters from parameters/ZJet_pp8160v4_375.dat                                                                    
 ...done
 Reading parameters from parameters/ZJet_pp8160v4_372.dat                                                                    
 ...done
 Reading parameters from parameters/ZJet_pp8160v4_373.dat                                                                    
 ...done
 Reading parameters from parameters/ZJet_pp8160v4_374.dat                                                                    
 ...done
  Completed 375 / 500 jobs (Thu Aug  6 03:14:14 AM EDT 2026)
 Reading parameters from parameters/ZJet_pp8160v4_379.dat                                                                    
 ...done
 Reading parameters from parameters/ZJet_pp8160v4_376.dat                                                                    
 ...done
 Reading parameters from parameters/ZJet_pp8160v4_378.dat                                                                    
 ...done
 Reading parameters from parameters/ZJet_pp8160v4_380.dat                                                                    
 ...done
 Reading parameters from parameters/ZJet_pp8160v4_377.dat                                                                    
 ...done
  Completed 380 / 500 jobs (Thu Aug  6 03:14:17 AM EDT 2026)
 Reading parameters from parameters/ZJet_pp8160v4_381.dat                                                                    
 ...done
 Reading parameters from parameters/ZJet_pp8160v4_384.dat                                                                    
 ...done
 Reading parameters from parameters/ZJet_pp8160v4_382.dat                                                                    
 ...done
 Reading parameters from parameters/ZJet_pp8160v4_385.dat                                                                    
 ...done
 Reading parameters from parameters/ZJet_pp8160v4_383.dat                                                                    
 ...done
  Completed 385 / 500 jobs (Thu Aug  6 03:14:20 AM EDT 2026)
 Reading parameters from parameters/ZJet_pp8160v4_387.dat                                                                    
 ...done
 Reading parameters from parameters/ZJet_pp8160v4_386.dat                                                                    
 ...done
 Reading parameters from parameters/ZJet_pp8160v4_390.dat                                                                    
 ...done
 Reading parameters from parameters/ZJet_pp8160v4_389.dat                                                                    
 ...done
 Reading parameters from parameters/ZJet_pp8160v4_388.dat                                                                    
 ...done
  Completed 390 / 500 jobs (Thu Aug  6 03:14:22 AM EDT 2026)
 Reading parameters from parameters/ZJet_pp8160v4_393.dat                                                                    
 ...done
 Reading parameters from parameters/ZJet_pp8160v4_391.dat                                                                    
 ...done
 Reading parameters from parameters/ZJet_pp8160v4_392.dat                                                                    
 ...done
 Reading parameters from parameters/ZJet_pp8160v4_394.dat                                                                    
 ...done
 Reading parameters from parameters/ZJet_pp8160v4_395.dat                                                                    
 ...done
  Completed 395 / 500 jobs (Thu Aug  6 03:14:25 AM EDT 2026)
 Reading parameters from parameters/ZJet_pp8160v4_396.dat                                                                    
 ...done
 Reading parameters from parameters/ZJet_pp8160v4_398.dat                                                                    
 ...done
 Reading parameters from parameters/ZJet_pp8160v4_397.dat                                                                    
 ...done
 Reading parameters from parameters/ZJet_pp8160v4_399.dat                                                                    
 ...done
 Reading parameters from parameters/ZJet_pp8160v4_400.dat                                                                    
 ...done
  Completed 400 / 500 jobs (Thu Aug  6 03:14:28 AM EDT 2026)
 Reading parameters from parameters/ZJet_pp8160v4_401.dat                                                                    
 ...done
 Reading parameters from parameters/ZJet_pp8160v4_402.dat                                                                    
 ...done
 Reading parameters from parameters/ZJet_pp8160v4_405.dat                                                                    
 ...done
 Reading parameters from parameters/ZJet_pp8160v4_404.dat                                                                    
 ...done
 Reading parameters from parameters/ZJet_pp8160v4_403.dat                                                                    
 ...done
  Completed 405 / 500 jobs (Thu Aug  6 03:14:31 AM EDT 2026)
 Reading parameters from parameters/ZJet_pp8160v4_407.dat                                                                    
 ...done
 Reading parameters from parameters/ZJet_pp8160v4_408.dat                                                                    
 ...done
 Reading parameters from parameters/ZJet_pp8160v4_406.dat                                                                    
 ...done
 Reading parameters from parameters/ZJet_pp8160v4_410.dat                                                                    
 ...done
 Reading parameters from parameters/ZJet_pp8160v4_409.dat                                                                    
 ...done
  Completed 410 / 500 jobs (Thu Aug  6 03:14:34 AM EDT 2026)
 Reading parameters from parameters/ZJet_pp8160v4_414.dat                                                                    
 ...done
 Reading parameters from parameters/ZJet_pp8160v4_412.dat                                                                    
 ...done
 Reading parameters from parameters/ZJet_pp8160v4_413.dat                                                                    
 ...done
 Reading parameters from parameters/ZJet_pp8160v4_411.dat                                                                    
 ...done
 Reading parameters from parameters/ZJet_pp8160v4_415.dat                                                                    
 ...done
  Completed 415 / 500 jobs (Thu Aug  6 03:14:37 AM EDT 2026)
 Reading parameters from parameters/ZJet_pp8160v4_416.dat                                                                    
 ...done
 Reading parameters from parameters/ZJet_pp8160v4_417.dat                                                                    
 ...done
 Reading parameters from parameters/ZJet_pp8160v4_418.dat                                                                    
 ...done
 Reading parameters from parameters/ZJet_pp8160v4_419.dat                                                                    
 ...done
 Reading parameters from parameters/ZJet_pp8160v4_420.dat                                                                    
 ...done
  Completed 420 / 500 jobs (Thu Aug  6 03:14:39 AM EDT 2026)
 Reading parameters from parameters/ZJet_pp8160v4_423.dat                                                                    
 ...done
 Reading parameters from parameters/ZJet_pp8160v4_421.dat                                                                    
 ...done
 Reading parameters from parameters/ZJet_pp8160v4_424.dat                                                                    
 ...done
 Reading parameters from parameters/ZJet_pp8160v4_425.dat                                                                    
 ...done
 Reading parameters from parameters/ZJet_pp8160v4_422.dat                                                                    
 ...done
  Completed 425 / 500 jobs (Thu Aug  6 03:14:42 AM EDT 2026)
 Reading parameters from parameters/ZJet_pp8160v4_428.dat                                                                    
 ...done
 Reading parameters from parameters/ZJet_pp8160v4_429.dat                                                                    
 ...done
 Reading parameters from parameters/ZJet_pp8160v4_430.dat                                                                    
 ...done
 Reading parameters from parameters/ZJet_pp8160v4_427.dat                                                                    
 ...done
 Reading parameters from parameters/ZJet_pp8160v4_426.dat                                                                    
 ...done
  Completed 430 / 500 jobs (Thu Aug  6 03:14:45 AM EDT 2026)
 Reading parameters from parameters/ZJet_pp8160v4_431.dat                                                                    
 ...done
 Reading parameters from parameters/ZJet_pp8160v4_435.dat                                                                    
 ...done
 Reading parameters from parameters/ZJet_pp8160v4_434.dat                                                                    
 ...done
 Reading parameters from parameters/ZJet_pp8160v4_432.dat                                                                    
 ...done
 Reading parameters from parameters/ZJet_pp8160v4_433.dat                                                                    
 ...done
  Completed 435 / 500 jobs (Thu Aug  6 03:14:48 AM EDT 2026)
 Reading parameters from parameters/ZJet_pp8160v4_440.dat                                                                    
 ...done
 Reading parameters from parameters/ZJet_pp8160v4_437.dat                                                                    
 ...done
 Reading parameters from parameters/ZJet_pp8160v4_436.dat                                                                    
 ...done
 Reading parameters from parameters/ZJet_pp8160v4_439.dat                                                                    
 ...done
 Reading parameters from parameters/ZJet_pp8160v4_438.dat                                                                    
 ...done
  Completed 440 / 500 jobs (Thu Aug  6 03:14:51 AM EDT 2026)
 Reading parameters from parameters/ZJet_pp8160v4_445.dat                                                                    
 ...done
 Reading parameters from parameters/ZJet_pp8160v4_442.dat                                                                    
 ...done
 Reading parameters from parameters/ZJet_pp8160v4_443.dat                                                                    
 ...done
 Reading parameters from parameters/ZJet_pp8160v4_441.dat                                                                    
 ...done
 Reading parameters from parameters/ZJet_pp8160v4_444.dat                                                                    
 ...done
  Completed 445 / 500 jobs (Thu Aug  6 03:14:54 AM EDT 2026)
 Reading parameters from parameters/ZJet_pp8160v4_447.dat                                                                    
 ...done
 Reading parameters from parameters/ZJet_pp8160v4_449.dat                                                                    
 ...done
 Reading parameters from parameters/ZJet_pp8160v4_446.dat                                                                    
 ...done
 Reading parameters from parameters/ZJet_pp8160v4_450.dat                                                                    
 ...done
 Reading parameters from parameters/ZJet_pp8160v4_448.dat                                                                    
 ...done
  Completed 450 / 500 jobs (Thu Aug  6 03:14:56 AM EDT 2026)
 Reading parameters from parameters/ZJet_pp8160v4_454.dat                                                                    
 ...done
 Reading parameters from parameters/ZJet_pp8160v4_453.dat                                                                    
 ...done
 Reading parameters from parameters/ZJet_pp8160v4_455.dat                                                                    
 ...done
 Reading parameters from parameters/ZJet_pp8160v4_451.dat                                                                    
 ...done
 Reading parameters from parameters/ZJet_pp8160v4_452.dat                                                                    
 ...done
  Completed 455 / 500 jobs (Thu Aug  6 03:14:59 AM EDT 2026)
 Reading parameters from parameters/ZJet_pp8160v4_456.dat                                                                    
 ...done
 Reading parameters from parameters/ZJet_pp8160v4_457.dat                                                                    
 ...done
 Reading parameters from parameters/ZJet_pp8160v4_458.dat                                                                    
 ...done
 Reading parameters from parameters/ZJet_pp8160v4_460.dat                                                                    
 ...done
 Reading parameters from parameters/ZJet_pp8160v4_459.dat                                                                    
 ...done
  Completed 460 / 500 jobs (Thu Aug  6 03:15:02 AM EDT 2026)
 Reading parameters from parameters/ZJet_pp8160v4_461.dat                                                                    
 ...done
 Reading parameters from parameters/ZJet_pp8160v4_462.dat                                                                    
 ...done
 Reading parameters from parameters/ZJet_pp8160v4_465.dat                                                                    
 ...done
 Reading parameters from parameters/ZJet_pp8160v4_464.dat                                                                    
 ...done
 Reading parameters from parameters/ZJet_pp8160v4_463.dat                                                                    
 ...done
  Completed 465 / 500 jobs (Thu Aug  6 03:15:05 AM EDT 2026)
 Reading parameters from parameters/ZJet_pp8160v4_467.dat                                                                    
 ...done
 Reading parameters from parameters/ZJet_pp8160v4_469.dat                                                                    
 ...done
 Reading parameters from parameters/ZJet_pp8160v4_468.dat                                                                    
 ...done
 Reading parameters from parameters/ZJet_pp8160v4_470.dat                                                                    
 ...done
 Reading parameters from parameters/ZJet_pp8160v4_466.dat                                                                    
 ...done
  Completed 470 / 500 jobs (Thu Aug  6 03:15:08 AM EDT 2026)
 Reading parameters from parameters/ZJet_pp8160v4_473.dat                                                                    
 ...done
 Reading parameters from parameters/ZJet_pp8160v4_474.dat                                                                    
 ...done
 Reading parameters from parameters/ZJet_pp8160v4_472.dat                                                                    
 ...done
 Reading parameters from parameters/ZJet_pp8160v4_471.dat                                                                    
 ...done
 Reading parameters from parameters/ZJet_pp8160v4_475.dat                                                                    
 ...done
  Completed 475 / 500 jobs (Thu Aug  6 03:15:11 AM EDT 2026)
 Reading parameters from parameters/ZJet_pp8160v4_476.dat                                                                    
 ...done
 Reading parameters from parameters/ZJet_pp8160v4_479.dat                                                                    
 ...done
 Reading parameters from parameters/ZJet_pp8160v4_477.dat                                                                    
 ...done
 Reading parameters from parameters/ZJet_pp8160v4_480.dat                                                                    
 ...done
 Reading parameters from parameters/ZJet_pp8160v4_478.dat                                                                    
 ...done
  Completed 480 / 500 jobs (Thu Aug  6 03:15:14 AM EDT 2026)
 Reading parameters from parameters/ZJet_pp8160v4_481.dat                                                                    
 ...done
 Reading parameters from parameters/ZJet_pp8160v4_485.dat                                                                    
 ...done
 Reading parameters from parameters/ZJet_pp8160v4_484.dat                                                                    
 ...done
 Reading parameters from parameters/ZJet_pp8160v4_482.dat                                                                    
 ...done
 Reading parameters from parameters/ZJet_pp8160v4_483.dat                                                                    
 ...done
  Completed 485 / 500 jobs (Thu Aug  6 03:15:16 AM EDT 2026)
 Reading parameters from parameters/ZJet_pp8160v4_488.dat                                                                    
 ...done
 Reading parameters from parameters/ZJet_pp8160v4_487.dat                                                                    
 ...done
 Reading parameters from parameters/ZJet_pp8160v4_489.dat                                                                    
 ...done
 Reading parameters from parameters/ZJet_pp8160v4_486.dat                                                                    
 ...done
 Reading parameters from parameters/ZJet_pp8160v4_490.dat                                                                    
 ...done
  Completed 490 / 500 jobs (Thu Aug  6 03:15:19 AM EDT 2026)
 Reading parameters from parameters/ZJet_pp8160v4_495.dat                                                                    
 ...done
 Reading parameters from parameters/ZJet_pp8160v4_491.dat                                                                    
 ...done
 Reading parameters from parameters/ZJet_pp8160v4_492.dat                                                                    
 ...done
 Reading parameters from parameters/ZJet_pp8160v4_494.dat                                                                    
 ...done
 Reading parameters from parameters/ZJet_pp8160v4_493.dat                                                                    
 ...done
  Completed 495 / 500 jobs (Thu Aug  6 03:15:22 AM EDT 2026)
 Reading parameters from parameters/ZJet_pp8160v4_497.dat                                                                    
 ...done
 Reading parameters from parameters/ZJet_pp8160v4_496.dat                                                                    
 ...done
 Reading parameters from parameters/ZJet_pp8160v4_498.dat                                                                    
 ...done
 Reading parameters from parameters/ZJet_pp8160v4_500.dat                                                                    
 ...done
 Reading parameters from parameters/ZJet_pp8160v4_499.dat                                                                    
 ...done
  Completed 500 / 500 jobs (Thu Aug  6 03:15:25 AM EDT 2026)
All 500 jobs complete. Thu Aug  6 03:15:25 AM EDT 2026

=== Converting HepMC to ROOT ===
Processing eventfiles/out_ZJet_pp8160v4_100.hepmc...
Processing eventfiles/out_ZJet_pp8160v4_101.hepmc...
Processing eventfiles/out_ZJet_pp8160v4_102.hepmc...
Processing eventfiles/out_ZJet_pp8160v4_103.hepmc...
Processing eventfiles/out_ZJet_pp8160v4_104.hepmc...
Processing eventfiles/out_ZJet_pp8160v4_105.hepmc...
Processing eventfiles/out_ZJet_pp8160v4_106.hepmc...
Processing eventfiles/out_ZJet_pp8160v4_107.hepmc...
Processing eventfiles/out_ZJet_pp8160v4_108.hepmc...
Processing eventfiles/out_ZJet_pp8160v4_109.hepmc...
Processing eventfiles/out_ZJet_pp8160v4_10.hepmc...
Processing eventfiles/out_ZJet_pp8160v4_110.hepmc...
Processing eventfiles/out_ZJet_pp8160v4_111.hepmc...
Processing eventfiles/out_ZJet_pp8160v4_112.hepmc...
Processing eventfiles/out_ZJet_pp8160v4_113.hepmc...
Processing eventfiles/out_ZJet_pp8160v4_114.hepmc...
Processing eventfiles/out_ZJet_pp8160v4_115.hepmc...
Processing eventfiles/out_ZJet_pp8160v4_116.hepmc...
Processing eventfiles/out_ZJet_pp8160v4_117.hepmc...
Processing eventfiles/out_ZJet_pp8160v4_118.hepmc...
Processing eventfiles/out_ZJet_pp8160v4_119.hepmc...
Processing eventfiles/out_ZJet_pp8160v4_11.hepmc...
Processing eventfiles/out_ZJet_pp8160v4_120.hepmc...
Processing eventfiles/out_ZJet_pp8160v4_121.hepmc...
Processing eventfiles/out_ZJet_pp8160v4_122.hepmc...
Processing eventfiles/out_ZJet_pp8160v4_123.hepmc...
Processing eventfiles/out_ZJet_pp8160v4_124.hepmc...
Processing eventfiles/out_ZJet_pp8160v4_125.hepmc...
Processing eventfiles/out_ZJet_pp8160v4_126.hepmc...
Processing eventfiles/out_ZJet_pp8160v4_127.hepmc...
Processing eventfiles/out_ZJet_pp8160v4_128.hepmc...
Processing eventfiles/out_ZJet_pp8160v4_129.hepmc...
Processing eventfiles/out_ZJet_pp8160v4_12.hepmc...
Processing eventfiles/out_ZJet_pp8160v4_130.hepmc...
Processing eventfiles/out_ZJet_pp8160v4_131.hepmc...
Processing eventfiles/out_ZJet_pp8160v4_132.hepmc...
Processing eventfiles/out_ZJet_pp8160v4_133.hepmc...
Processing eventfiles/out_ZJet_pp8160v4_134.hepmc...
Processing eventfiles/out_ZJet_pp8160v4_135.hepmc...
Processing eventfiles/out_ZJet_pp8160v4_136.hepmc...
Processing eventfiles/out_ZJet_pp8160v4_137.hepmc...
Processing eventfiles/out_ZJet_pp8160v4_138.hepmc...
Processing eventfiles/out_ZJet_pp8160v4_139.hepmc...
Processing eventfiles/out_ZJet_pp8160v4_13.hepmc...
Processing eventfiles/out_ZJet_pp8160v4_140.hepmc...
Processing eventfiles/out_ZJet_pp8160v4_141.hepmc...
Processing eventfiles/out_ZJet_pp8160v4_142.hepmc...
Processing eventfiles/out_ZJet_pp8160v4_143.hepmc...
Processing eventfiles/out_ZJet_pp8160v4_144.hepmc...
Processing eventfiles/out_ZJet_pp8160v4_145.hepmc...
Processing eventfiles/out_ZJet_pp8160v4_146.hepmc...
Processing eventfiles/out_ZJet_pp8160v4_147.hepmc...
Processing eventfiles/out_ZJet_pp8160v4_148.hepmc...
Processing eventfiles/out_ZJet_pp8160v4_149.hepmc...
Processing eventfiles/out_ZJet_pp8160v4_14.hepmc...
Processing eventfiles/out_ZJet_pp8160v4_150.hepmc...
Processing eventfiles/out_ZJet_pp8160v4_151.hepmc...
Processing eventfiles/out_ZJet_pp8160v4_152.hepmc...
Processing eventfiles/out_ZJet_pp8160v4_153.hepmc...
Processing eventfiles/out_ZJet_pp8160v4_154.hepmc...
Processing eventfiles/out_ZJet_pp8160v4_155.hepmc...
Processing eventfiles/out_ZJet_pp8160v4_156.hepmc...
Processing eventfiles/out_ZJet_pp8160v4_157.hepmc...
Processing eventfiles/out_ZJet_pp8160v4_158.hepmc...
Processing eventfiles/out_ZJet_pp8160v4_159.hepmc...
Processing eventfiles/out_ZJet_pp8160v4_15.hepmc...
Processing eventfiles/out_ZJet_pp8160v4_160.hepmc...
Processing eventfiles/out_ZJet_pp8160v4_161.hepmc...
Processing eventfiles/out_ZJet_pp8160v4_162.hepmc...
Processing eventfiles/out_ZJet_pp8160v4_163.hepmc...
Processing eventfiles/out_ZJet_pp8160v4_164.hepmc...
Processing eventfiles/out_ZJet_pp8160v4_165.hepmc...
Processing eventfiles/out_ZJet_pp8160v4_166.hepmc...
Processing eventfiles/out_ZJet_pp8160v4_167.hepmc...
Processing eventfiles/out_ZJet_pp8160v4_168.hepmc...
Processing eventfiles/out_ZJet_pp8160v4_169.hepmc...
Processing eventfiles/out_ZJet_pp8160v4_16.hepmc...
Processing eventfiles/out_ZJet_pp8160v4_170.hepmc...
Processing eventfiles/out_ZJet_pp8160v4_171.hepmc...
Processing eventfiles/out_ZJet_pp8160v4_172.hepmc...
Processing eventfiles/out_ZJet_pp8160v4_173.hepmc...
Processing eventfiles/out_ZJet_pp8160v4_174.hepmc...
Processing eventfiles/out_ZJet_pp8160v4_175.hepmc...
Processing eventfiles/out_ZJet_pp8160v4_176.hepmc...
Processing eventfiles/out_ZJet_pp8160v4_177.hepmc...
Processing eventfiles/out_ZJet_pp8160v4_178.hepmc...
Processing eventfiles/out_ZJet_pp8160v4_179.hepmc...
Processing eventfiles/out_ZJet_pp8160v4_17.hepmc...
Processing eventfiles/out_ZJet_pp8160v4_180.hepmc...
Processing eventfiles/out_ZJet_pp8160v4_181.hepmc...
Processing eventfiles/out_ZJet_pp8160v4_182.hepmc...
Processing eventfiles/out_ZJet_pp8160v4_183.hepmc...
Processing eventfiles/out_ZJet_pp8160v4_184.hepmc...
Processing eventfiles/out_ZJet_pp8160v4_185.hepmc...
Processing eventfiles/out_ZJet_pp8160v4_186.hepmc...
Processing eventfiles/out_ZJet_pp8160v4_187.hepmc...
Processing eventfiles/out_ZJet_pp8160v4_188.hepmc...
Processing eventfiles/out_ZJet_pp8160v4_189.hepmc...
Processing eventfiles/out_ZJet_pp8160v4_18.hepmc...
Processing eventfiles/out_ZJet_pp8160v4_190.hepmc...
Processing eventfiles/out_ZJet_pp8160v4_191.hepmc...
Processing eventfiles/out_ZJet_pp8160v4_192.hepmc...
Processing eventfiles/out_ZJet_pp8160v4_193.hepmc...
Processing eventfiles/out_ZJet_pp8160v4_194.hepmc...
Processing eventfiles/out_ZJet_pp8160v4_195.hepmc...
Processing eventfiles/out_ZJet_pp8160v4_196.hepmc...
Processing eventfiles/out_ZJet_pp8160v4_197.hepmc...
Processing eventfiles/out_ZJet_pp8160v4_198.hepmc...
Processing eventfiles/out_ZJet_pp8160v4_199.hepmc...
Processing eventfiles/out_ZJet_pp8160v4_19.hepmc...
Processing eventfiles/out_ZJet_pp8160v4_1.hepmc...
Processing eventfiles/out_ZJet_pp8160v4_200.hepmc...
Processing eventfiles/out_ZJet_pp8160v4_201.hepmc...
Processing eventfiles/out_ZJet_pp8160v4_202.hepmc...
Processing eventfiles/out_ZJet_pp8160v4_203.hepmc...
Processing eventfiles/out_ZJet_pp8160v4_204.hepmc...
Processing eventfiles/out_ZJet_pp8160v4_205.hepmc...
Processing eventfiles/out_ZJet_pp8160v4_206.hepmc...
Processing eventfiles/out_ZJet_pp8160v4_207.hepmc...
Processing eventfiles/out_ZJet_pp8160v4_208.hepmc...
Processing eventfiles/out_ZJet_pp8160v4_209.hepmc...
Processing eventfiles/out_ZJet_pp8160v4_20.hepmc...
Processing eventfiles/out_ZJet_pp8160v4_210.hepmc...
Processing eventfiles/out_ZJet_pp8160v4_211.hepmc...
Processing eventfiles/out_ZJet_pp8160v4_212.hepmc...
Processing eventfiles/out_ZJet_pp8160v4_213.hepmc...
Processing eventfiles/out_ZJet_pp8160v4_214.hepmc...
Processing eventfiles/out_ZJet_pp8160v4_215.hepmc...
Processing eventfiles/out_ZJet_pp8160v4_216.hepmc...
Processing eventfiles/out_ZJet_pp8160v4_217.hepmc...
Processing eventfiles/out_ZJet_pp8160v4_218.hepmc...
Processing eventfiles/out_ZJet_pp8160v4_219.hepmc...
Processing eventfiles/out_ZJet_pp8160v4_21.hepmc...
Processing eventfiles/out_ZJet_pp8160v4_220.hepmc...
Processing eventfiles/out_ZJet_pp8160v4_221.hepmc...
Processing eventfiles/out_ZJet_pp8160v4_222.hepmc...
Processing eventfiles/out_ZJet_pp8160v4_223.hepmc...
Processing eventfiles/out_ZJet_pp8160v4_224.hepmc...
Processing eventfiles/out_ZJet_pp8160v4_225.hepmc...
Processing eventfiles/out_ZJet_pp8160v4_226.hepmc...
Processing eventfiles/out_ZJet_pp8160v4_227.hepmc...
Processing eventfiles/out_ZJet_pp8160v4_228.hepmc...
Processing eventfiles/out_ZJet_pp8160v4_229.hepmc...
Processing eventfiles/out_ZJet_pp8160v4_22.hepmc...
Processing eventfiles/out_ZJet_pp8160v4_230.hepmc...
Processing eventfiles/out_ZJet_pp8160v4_231.hepmc...
Processing eventfiles/out_ZJet_pp8160v4_232.hepmc...
Processing eventfiles/out_ZJet_pp8160v4_233.hepmc...
Processing eventfiles/out_ZJet_pp8160v4_234.hepmc...
Processing eventfiles/out_ZJet_pp8160v4_235.hepmc...
Processing eventfiles/out_ZJet_pp8160v4_236.hepmc...
Processing eventfiles/out_ZJet_pp8160v4_237.hepmc...
Processing eventfiles/out_ZJet_pp8160v4_238.hepmc...
Processing eventfiles/out_ZJet_pp8160v4_239.hepmc...
Processing eventfiles/out_ZJet_pp8160v4_23.hepmc...
Processing eventfiles/out_ZJet_pp8160v4_240.hepmc...
Processing eventfiles/out_ZJet_pp8160v4_241.hepmc...
Processing eventfiles/out_ZJet_pp8160v4_242.hepmc...
Processing eventfiles/out_ZJet_pp8160v4_243.hepmc...
Processing eventfiles/out_ZJet_pp8160v4_244.hepmc...
Processing eventfiles/out_ZJet_pp8160v4_245.hepmc...
Processing eventfiles/out_ZJet_pp8160v4_246.hepmc...
Processing eventfiles/out_ZJet_pp8160v4_247.hepmc...
Processing eventfiles/out_ZJet_pp8160v4_248.hepmc...
Processing eventfiles/out_ZJet_pp8160v4_249.hepmc...
Processing eventfiles/out_ZJet_pp8160v4_24.hepmc...
Processing eventfiles/out_ZJet_pp8160v4_250.hepmc...
Processing eventfiles/out_ZJet_pp8160v4_251.hepmc...
Processing eventfiles/out_ZJet_pp8160v4_252.hepmc...
Processing eventfiles/out_ZJet_pp8160v4_253.hepmc...
Processing eventfiles/out_ZJet_pp8160v4_254.hepmc...
Processing eventfiles/out_ZJet_pp8160v4_255.hepmc...
Processing eventfiles/out_ZJet_pp8160v4_256.hepmc...
Processing eventfiles/out_ZJet_pp8160v4_257.hepmc...
Processing eventfiles/out_ZJet_pp8160v4_258.hepmc...
Processing eventfiles/out_ZJet_pp8160v4_259.hepmc...
Processing eventfiles/out_ZJet_pp8160v4_25.hepmc...
Processing eventfiles/out_ZJet_pp8160v4_260.hepmc...
Processing eventfiles/out_ZJet_pp8160v4_261.hepmc...
Processing eventfiles/out_ZJet_pp8160v4_262.hepmc...
Processing eventfiles/out_ZJet_pp8160v4_263.hepmc...
Processing eventfiles/out_ZJet_pp8160v4_264.hepmc...
Processing eventfiles/out_ZJet_pp8160v4_265.hepmc...
Processing eventfiles/out_ZJet_pp8160v4_266.hepmc...
Processing eventfiles/out_ZJet_pp8160v4_267.hepmc...
Processing eventfiles/out_ZJet_pp8160v4_268.hepmc...
Processing eventfiles/out_ZJet_pp8160v4_269.hepmc...
Processing eventfiles/out_ZJet_pp8160v4_26.hepmc...
Processing eventfiles/out_ZJet_pp8160v4_270.hepmc...
Processing eventfiles/out_ZJet_pp8160v4_271.hepmc...
Processing eventfiles/out_ZJet_pp8160v4_272.hepmc...
Processing eventfiles/out_ZJet_pp8160v4_273.hepmc...
Processing eventfiles/out_ZJet_pp8160v4_274.hepmc...
Processing eventfiles/out_ZJet_pp8160v4_275.hepmc...
Processing eventfiles/out_ZJet_pp8160v4_276.hepmc...
Processing eventfiles/out_ZJet_pp8160v4_277.hepmc...
Processing eventfiles/out_ZJet_pp8160v4_278.hepmc...
Processing eventfiles/out_ZJet_pp8160v4_279.hepmc...
Processing eventfiles/out_ZJet_pp8160v4_27.hepmc...
Processing eventfiles/out_ZJet_pp8160v4_280.hepmc...
Processing eventfiles/out_ZJet_pp8160v4_281.hepmc...
Processing eventfiles/out_ZJet_pp8160v4_282.hepmc...
Processing eventfiles/out_ZJet_pp8160v4_283.hepmc...
Processing eventfiles/out_ZJet_pp8160v4_284.hepmc...
Processing eventfiles/out_ZJet_pp8160v4_285.hepmc...
Processing eventfiles/out_ZJet_pp8160v4_286.hepmc...
Processing eventfiles/out_ZJet_pp8160v4_287.hepmc...
Processing eventfiles/out_ZJet_pp8160v4_288.hepmc...
Processing eventfiles/out_ZJet_pp8160v4_289.hepmc...
Processing eventfiles/out_ZJet_pp8160v4_28.hepmc...
Processing eventfiles/out_ZJet_pp8160v4_290.hepmc...
Processing eventfiles/out_ZJet_pp8160v4_291.hepmc...
Processing eventfiles/out_ZJet_pp8160v4_292.hepmc...
Processing eventfiles/out_ZJet_pp8160v4_293.hepmc...
Processing eventfiles/out_ZJet_pp8160v4_294.hepmc...
Processing eventfiles/out_ZJet_pp8160v4_295.hepmc...
Processing eventfiles/out_ZJet_pp8160v4_296.hepmc...
Processing eventfiles/out_ZJet_pp8160v4_297.hepmc...
Processing eventfiles/out_ZJet_pp8160v4_298.hepmc...
Processing eventfiles/out_ZJet_pp8160v4_299.hepmc...
Processing eventfiles/out_ZJet_pp8160v4_29.hepmc...
Processing eventfiles/out_ZJet_pp8160v4_2.hepmc...
Processing eventfiles/out_ZJet_pp8160v4_300.hepmc...
Processing eventfiles/out_ZJet_pp8160v4_301.hepmc...
Processing eventfiles/out_ZJet_pp8160v4_302.hepmc...
Processing eventfiles/out_ZJet_pp8160v4_303.hepmc...
Processing eventfiles/out_ZJet_pp8160v4_304.hepmc...
Processing eventfiles/out_ZJet_pp8160v4_305.hepmc...
Processing eventfiles/out_ZJet_pp8160v4_306.hepmc...
Processing eventfiles/out_ZJet_pp8160v4_307.hepmc...
Processing eventfiles/out_ZJet_pp8160v4_308.hepmc...
Processing eventfiles/out_ZJet_pp8160v4_309.hepmc...
Processing eventfiles/out_ZJet_pp8160v4_30.hepmc...
Processing eventfiles/out_ZJet_pp8160v4_310.hepmc...
Processing eventfiles/out_ZJet_pp8160v4_311.hepmc...
Processing eventfiles/out_ZJet_pp8160v4_312.hepmc...
Processing eventfiles/out_ZJet_pp8160v4_313.hepmc...
Processing eventfiles/out_ZJet_pp8160v4_314.hepmc...
Processing eventfiles/out_ZJet_pp8160v4_315.hepmc...
Processing eventfiles/out_ZJet_pp8160v4_316.hepmc...
Processing eventfiles/out_ZJet_pp8160v4_317.hepmc...
Processing eventfiles/out_ZJet_pp8160v4_318.hepmc...
Processing eventfiles/out_ZJet_pp8160v4_319.hepmc...
Processing eventfiles/out_ZJet_pp8160v4_31.hepmc...
Processing eventfiles/out_ZJet_pp8160v4_320.hepmc...
Processing eventfiles/out_ZJet_pp8160v4_321.hepmc...
Processing eventfiles/out_ZJet_pp8160v4_322.hepmc...
Processing eventfiles/out_ZJet_pp8160v4_323.hepmc...
Processing eventfiles/out_ZJet_pp8160v4_324.hepmc...
Processing eventfiles/out_ZJet_pp8160v4_325.hepmc...
Processing eventfiles/out_ZJet_pp8160v4_326.hepmc...
Processing eventfiles/out_ZJet_pp8160v4_327.hepmc...
Processing eventfiles/out_ZJet_pp8160v4_328.hepmc...
Processing eventfiles/out_ZJet_pp8160v4_329.hepmc...
Processing eventfiles/out_ZJet_pp8160v4_32.hepmc...
Processing eventfiles/out_ZJet_pp8160v4_330.hepmc...
Processing eventfiles/out_ZJet_pp8160v4_331.hepmc...
Processing eventfiles/out_ZJet_pp8160v4_332.hepmc...
Processing eventfiles/out_ZJet_pp8160v4_333.hepmc...
Processing eventfiles/out_ZJet_pp8160v4_334.hepmc...
Processing eventfiles/out_ZJet_pp8160v4_335.hepmc...
Processing eventfiles/out_ZJet_pp8160v4_336.hepmc...
Processing eventfiles/out_ZJet_pp8160v4_337.hepmc...
Processing eventfiles/out_ZJet_pp8160v4_338.hepmc...
Processing eventfiles/out_ZJet_pp8160v4_339.hepmc...
Processing eventfiles/out_ZJet_pp8160v4_33.hepmc...
Processing eventfiles/out_ZJet_pp8160v4_340.hepmc...
Processing eventfiles/out_ZJet_pp8160v4_341.hepmc...
Processing eventfiles/out_ZJet_pp8160v4_342.hepmc...
Processing eventfiles/out_ZJet_pp8160v4_343.hepmc...
Processing eventfiles/out_ZJet_pp8160v4_344.hepmc...
Processing eventfiles/out_ZJet_pp8160v4_345.hepmc...
Processing eventfiles/out_ZJet_pp8160v4_346.hepmc...
Processing eventfiles/out_ZJet_pp8160v4_347.hepmc...
Processing eventfiles/out_ZJet_pp8160v4_348.hepmc...
Processing eventfiles/out_ZJet_pp8160v4_349.hepmc...
Processing eventfiles/out_ZJet_pp8160v4_34.hepmc...
Processing eventfiles/out_ZJet_pp8160v4_350.hepmc...
Processing eventfiles/out_ZJet_pp8160v4_351.hepmc...
Processing eventfiles/out_ZJet_pp8160v4_352.hepmc...
Processing eventfiles/out_ZJet_pp8160v4_353.hepmc...
Processing eventfiles/out_ZJet_pp8160v4_354.hepmc...
Processing eventfiles/out_ZJet_pp8160v4_355.hepmc...
Processing eventfiles/out_ZJet_pp8160v4_356.hepmc...
Processing eventfiles/out_ZJet_pp8160v4_357.hepmc...
Processing eventfiles/out_ZJet_pp8160v4_358.hepmc...
Processing eventfiles/out_ZJet_pp8160v4_359.hepmc...
Processing eventfiles/out_ZJet_pp8160v4_35.hepmc...
Processing eventfiles/out_ZJet_pp8160v4_360.hepmc...
Processing eventfiles/out_ZJet_pp8160v4_361.hepmc...
Processing eventfiles/out_ZJet_pp8160v4_362.hepmc...
Processing eventfiles/out_ZJet_pp8160v4_363.hepmc...
Processing eventfiles/out_ZJet_pp8160v4_364.hepmc...
Processing eventfiles/out_ZJet_pp8160v4_365.hepmc...
Processing eventfiles/out_ZJet_pp8160v4_366.hepmc...
Processing eventfiles/out_ZJet_pp8160v4_367.hepmc...
Processing eventfiles/out_ZJet_pp8160v4_368.hepmc...
Processing eventfiles/out_ZJet_pp8160v4_369.hepmc...
Processing eventfiles/out_ZJet_pp8160v4_36.hepmc...
Processing eventfiles/out_ZJet_pp8160v4_370.hepmc...
Processing eventfiles/out_ZJet_pp8160v4_371.hepmc...
Processing eventfiles/out_ZJet_pp8160v4_372.hepmc...
Processing eventfiles/out_ZJet_pp8160v4_373.hepmc...
Processing eventfiles/out_ZJet_pp8160v4_374.hepmc...
Processing eventfiles/out_ZJet_pp8160v4_375.hepmc...
Processing eventfiles/out_ZJet_pp8160v4_376.hepmc...
Processing eventfiles/out_ZJet_pp8160v4_377.hepmc...
Processing eventfiles/out_ZJet_pp8160v4_378.hepmc...
Processing eventfiles/out_ZJet_pp8160v4_379.hepmc...
Processing eventfiles/out_ZJet_pp8160v4_37.hepmc...
Processing eventfiles/out_ZJet_pp8160v4_380.hepmc...
Processing eventfiles/out_ZJet_pp8160v4_381.hepmc...
Processing eventfiles/out_ZJet_pp8160v4_382.hepmc...
Processing eventfiles/out_ZJet_pp8160v4_383.hepmc...
Processing eventfiles/out_ZJet_pp8160v4_384.hepmc...
Processing eventfiles/out_ZJet_pp8160v4_385.hepmc...
Processing eventfiles/out_ZJet_pp8160v4_386.hepmc...
Processing eventfiles/out_ZJet_pp8160v4_387.hepmc...
Processing eventfiles/out_ZJet_pp8160v4_388.hepmc...
Processing eventfiles/out_ZJet_pp8160v4_389.hepmc...
Processing eventfiles/out_ZJet_pp8160v4_38.hepmc...
Processing eventfiles/out_ZJet_pp8160v4_390.hepmc...
Processing eventfiles/out_ZJet_pp8160v4_391.hepmc...
Processing eventfiles/out_ZJet_pp8160v4_392.hepmc...
Processing eventfiles/out_ZJet_pp8160v4_393.hepmc...
Processing eventfiles/out_ZJet_pp8160v4_394.hepmc...
Processing eventfiles/out_ZJet_pp8160v4_395.hepmc...
Processing eventfiles/out_ZJet_pp8160v4_396.hepmc...
Processing eventfiles/out_ZJet_pp8160v4_397.hepmc...
Processing eventfiles/out_ZJet_pp8160v4_398.hepmc...
Processing eventfiles/out_ZJet_pp8160v4_399.hepmc...
Processing eventfiles/out_ZJet_pp8160v4_39.hepmc...
Processing eventfiles/out_ZJet_pp8160v4_3.hepmc...
Processing eventfiles/out_ZJet_pp8160v4_400.hepmc...
Processing eventfiles/out_ZJet_pp8160v4_401.hepmc...
Processing eventfiles/out_ZJet_pp8160v4_402.hepmc...
Processing eventfiles/out_ZJet_pp8160v4_403.hepmc...
Processing eventfiles/out_ZJet_pp8160v4_404.hepmc...
Processing eventfiles/out_ZJet_pp8160v4_405.hepmc...
Processing eventfiles/out_ZJet_pp8160v4_406.hepmc...
Processing eventfiles/out_ZJet_pp8160v4_407.hepmc...
Processing eventfiles/out_ZJet_pp8160v4_408.hepmc...
Processing eventfiles/out_ZJet_pp8160v4_409.hepmc...
Processing eventfiles/out_ZJet_pp8160v4_40.hepmc...
Processing eventfiles/out_ZJet_pp8160v4_410.hepmc...
Processing eventfiles/out_ZJet_pp8160v4_411.hepmc...
Processing eventfiles/out_ZJet_pp8160v4_412.hepmc...
Processing eventfiles/out_ZJet_pp8160v4_413.hepmc...
Processing eventfiles/out_ZJet_pp8160v4_414.hepmc...
Processing eventfiles/out_ZJet_pp8160v4_415.hepmc...
Processing eventfiles/out_ZJet_pp8160v4_416.hepmc...
Processing eventfiles/out_ZJet_pp8160v4_417.hepmc...
Processing eventfiles/out_ZJet_pp8160v4_418.hepmc...
Processing eventfiles/out_ZJet_pp8160v4_419.hepmc...
Processing eventfiles/out_ZJet_pp8160v4_41.hepmc...
Processing eventfiles/out_ZJet_pp8160v4_420.hepmc...
Processing eventfiles/out_ZJet_pp8160v4_421.hepmc...
Processing eventfiles/out_ZJet_pp8160v4_422.hepmc...
Processing eventfiles/out_ZJet_pp8160v4_423.hepmc...
Processing eventfiles/out_ZJet_pp8160v4_424.hepmc...
Processing eventfiles/out_ZJet_pp8160v4_425.hepmc...
Processing eventfiles/out_ZJet_pp8160v4_426.hepmc...
Processing eventfiles/out_ZJet_pp8160v4_427.hepmc...
Processing eventfiles/out_ZJet_pp8160v4_428.hepmc...
Processing eventfiles/out_ZJet_pp8160v4_429.hepmc...
Processing eventfiles/out_ZJet_pp8160v4_42.hepmc...
Processing eventfiles/out_ZJet_pp8160v4_430.hepmc...
Processing eventfiles/out_ZJet_pp8160v4_431.hepmc...
Processing eventfiles/out_ZJet_pp8160v4_432.hepmc...
Processing eventfiles/out_ZJet_pp8160v4_433.hepmc...
Processing eventfiles/out_ZJet_pp8160v4_434.hepmc...
Processing eventfiles/out_ZJet_pp8160v4_435.hepmc...
Processing eventfiles/out_ZJet_pp8160v4_436.hepmc...
Processing eventfiles/out_ZJet_pp8160v4_437.hepmc...
Processing eventfiles/out_ZJet_pp8160v4_438.hepmc...
Processing eventfiles/out_ZJet_pp8160v4_439.hepmc...
Processing eventfiles/out_ZJet_pp8160v4_43.hepmc...
Processing eventfiles/out_ZJet_pp8160v4_440.hepmc...
Processing eventfiles/out_ZJet_pp8160v4_441.hepmc...
Processing eventfiles/out_ZJet_pp8160v4_442.hepmc...
Processing eventfiles/out_ZJet_pp8160v4_443.hepmc...
Processing eventfiles/out_ZJet_pp8160v4_444.hepmc...
Processing eventfiles/out_ZJet_pp8160v4_445.hepmc...
Processing eventfiles/out_ZJet_pp8160v4_446.hepmc...
Processing eventfiles/out_ZJet_pp8160v4_447.hepmc...
Processing eventfiles/out_ZJet_pp8160v4_448.hepmc...
Processing eventfiles/out_ZJet_pp8160v4_449.hepmc...
Processing eventfiles/out_ZJet_pp8160v4_44.hepmc...
Processing eventfiles/out_ZJet_pp8160v4_450.hepmc...
Processing eventfiles/out_ZJet_pp8160v4_451.hepmc...
Processing eventfiles/out_ZJet_pp8160v4_452.hepmc...
Processing eventfiles/out_ZJet_pp8160v4_453.hepmc...
Processing eventfiles/out_ZJet_pp8160v4_454.hepmc...
Processing eventfiles/out_ZJet_pp8160v4_455.hepmc...
Processing eventfiles/out_ZJet_pp8160v4_456.hepmc...
Processing eventfiles/out_ZJet_pp8160v4_457.hepmc...
Processing eventfiles/out_ZJet_pp8160v4_458.hepmc...
Processing eventfiles/out_ZJet_pp8160v4_459.hepmc...
Processing eventfiles/out_ZJet_pp8160v4_45.hepmc...
Processing eventfiles/out_ZJet_pp8160v4_460.hepmc...
Processing eventfiles/out_ZJet_pp8160v4_461.hepmc...
Processing eventfiles/out_ZJet_pp8160v4_462.hepmc...
Processing eventfiles/out_ZJet_pp8160v4_463.hepmc...
Processing eventfiles/out_ZJet_pp8160v4_464.hepmc...
Processing eventfiles/out_ZJet_pp8160v4_465.hepmc...
Processing eventfiles/out_ZJet_pp8160v4_466.hepmc...
Processing eventfiles/out_ZJet_pp8160v4_467.hepmc...
Processing eventfiles/out_ZJet_pp8160v4_468.hepmc...
Processing eventfiles/out_ZJet_pp8160v4_469.hepmc...
Processing eventfiles/out_ZJet_pp8160v4_46.hepmc...
Processing eventfiles/out_ZJet_pp8160v4_470.hepmc...
Processing eventfiles/out_ZJet_pp8160v4_471.hepmc...
Processing eventfiles/out_ZJet_pp8160v4_472.hepmc...
Processing eventfiles/out_ZJet_pp8160v4_473.hepmc...
Processing eventfiles/out_ZJet_pp8160v4_474.hepmc...
Processing eventfiles/out_ZJet_pp8160v4_475.hepmc...
Processing eventfiles/out_ZJet_pp8160v4_476.hepmc...
Processing eventfiles/out_ZJet_pp8160v4_477.hepmc...
Processing eventfiles/out_ZJet_pp8160v4_478.hepmc...
Processing eventfiles/out_ZJet_pp8160v4_479.hepmc...
Processing eventfiles/out_ZJet_pp8160v4_47.hepmc...
Processing eventfiles/out_ZJet_pp8160v4_480.hepmc...
Processing eventfiles/out_ZJet_pp8160v4_481.hepmc...
Processing eventfiles/out_ZJet_pp8160v4_482.hepmc...
Processing eventfiles/out_ZJet_pp8160v4_483.hepmc...
Processing eventfiles/out_ZJet_pp8160v4_484.hepmc...
Processing eventfiles/out_ZJet_pp8160v4_485.hepmc...
Processing eventfiles/out_ZJet_pp8160v4_486.hepmc...
Processing eventfiles/out_ZJet_pp8160v4_487.hepmc...
Processing eventfiles/out_ZJet_pp8160v4_488.hepmc...
Processing eventfiles/out_ZJet_pp8160v4_489.hepmc...
Processing eventfiles/out_ZJet_pp8160v4_48.hepmc...
Processing eventfiles/out_ZJet_pp8160v4_490.hepmc...
Processing eventfiles/out_ZJet_pp8160v4_491.hepmc...
Processing eventfiles/out_ZJet_pp8160v4_492.hepmc...
Processing eventfiles/out_ZJet_pp8160v4_493.hepmc...
Processing eventfiles/out_ZJet_pp8160v4_494.hepmc...
Processing eventfiles/out_ZJet_pp8160v4_495.hepmc...
Processing eventfiles/out_ZJet_pp8160v4_496.hepmc...
Processing eventfiles/out_ZJet_pp8160v4_497.hepmc...
Processing eventfiles/out_ZJet_pp8160v4_498.hepmc...
Processing eventfiles/out_ZJet_pp8160v4_499.hepmc...
Processing eventfiles/out_ZJet_pp8160v4_49.hepmc...
Processing eventfiles/out_ZJet_pp8160v4_4.hepmc...
Processing eventfiles/out_ZJet_pp8160v4_500.hepmc...
Processing eventfiles/out_ZJet_pp8160v4_50.hepmc...
Processing eventfiles/out_ZJet_pp8160v4_51.hepmc...
Processing eventfiles/out_ZJet_pp8160v4_52.hepmc...
Processing eventfiles/out_ZJet_pp8160v4_53.hepmc...
Processing eventfiles/out_ZJet_pp8160v4_54.hepmc...
Processing eventfiles/out_ZJet_pp8160v4_55.hepmc...
Processing eventfiles/out_ZJet_pp8160v4_56.hepmc...
Processing eventfiles/out_ZJet_pp8160v4_57.hepmc...
Processing eventfiles/out_ZJet_pp8160v4_58.hepmc...
Processing eventfiles/out_ZJet_pp8160v4_59.hepmc...
Processing eventfiles/out_ZJet_pp8160v4_5.hepmc...
Processing eventfiles/out_ZJet_pp8160v4_60.hepmc...
Processing eventfiles/out_ZJet_pp8160v4_61.hepmc...
Processing eventfiles/out_ZJet_pp8160v4_62.hepmc...
Processing eventfiles/out_ZJet_pp8160v4_63.hepmc...
Processing eventfiles/out_ZJet_pp8160v4_64.hepmc...
Processing eventfiles/out_ZJet_pp8160v4_65.hepmc...
Processing eventfiles/out_ZJet_pp8160v4_66.hepmc...
Processing eventfiles/out_ZJet_pp8160v4_67.hepmc...
Processing eventfiles/out_ZJet_pp8160v4_68.hepmc...
Processing eventfiles/out_ZJet_pp8160v4_69.hepmc...
Processing eventfiles/out_ZJet_pp8160v4_6.hepmc...
Processing eventfiles/out_ZJet_pp8160v4_70.hepmc...
Processing eventfiles/out_ZJet_pp8160v4_71.hepmc...
Processing eventfiles/out_ZJet_pp8160v4_72.hepmc...
Processing eventfiles/out_ZJet_pp8160v4_73.hepmc...
Processing eventfiles/out_ZJet_pp8160v4_74.hepmc...
Processing eventfiles/out_ZJet_pp8160v4_75.hepmc...
Processing eventfiles/out_ZJet_pp8160v4_76.hepmc...
Processing eventfiles/out_ZJet_pp8160v4_77.hepmc...
Processing eventfiles/out_ZJet_pp8160v4_78.hepmc...
Processing eventfiles/out_ZJet_pp8160v4_79.hepmc...
Processing eventfiles/out_ZJet_pp8160v4_7.hepmc...
Processing eventfiles/out_ZJet_pp8160v4_80.hepmc...
Processing eventfiles/out_ZJet_pp8160v4_81.hepmc...
Processing eventfiles/out_ZJet_pp8160v4_82.hepmc...
Processing eventfiles/out_ZJet_pp8160v4_83.hepmc...
Processing eventfiles/out_ZJet_pp8160v4_84.hepmc...
Processing eventfiles/out_ZJet_pp8160v4_85.hepmc...
Processing eventfiles/out_ZJet_pp8160v4_86.hepmc...
Processing eventfiles/out_ZJet_pp8160v4_87.hepmc...
Processing eventfiles/out_ZJet_pp8160v4_88.hepmc...
Processing eventfiles/out_ZJet_pp8160v4_89.hepmc...
Processing eventfiles/out_ZJet_pp8160v4_8.hepmc...
Processing eventfiles/out_ZJet_pp8160v4_90.hepmc...
Processing eventfiles/out_ZJet_pp8160v4_91.hepmc...
Processing eventfiles/out_ZJet_pp8160v4_92.hepmc...
Processing eventfiles/out_ZJet_pp8160v4_93.hepmc...
Processing eventfiles/out_ZJet_pp8160v4_94.hepmc...
Processing eventfiles/out_ZJet_pp8160v4_95.hepmc...
Processing eventfiles/out_ZJet_pp8160v4_96.hepmc...
Processing eventfiles/out_ZJet_pp8160v4_97.hepmc...
Processing eventfiles/out_ZJet_pp8160v4_98.hepmc...
Processing eventfiles/out_ZJet_pp8160v4_99.hepmc...
Processing eventfiles/out_ZJet_pp8160v4_9.hepmc...
Wrote 500000 events to /raid5/data/kdevero/jewel_workspace/validation/jewel_pp8160v4_MOD_500k.root
ROOT file: /raid5/data/kdevero/jewel_workspace/validation/jewel_pp8160v4_MOD_500k.root
Done. Thu Aug  6 03:18:32 AM EDT 2026
